Name,Ovrl,Age,Rating,League,Position,Awards,Value
L.Messi,93,35,7.66,7,10,5,65
C.Ronaldo,92,37,7,10,10,3,36
R. Lewandowski,91,34,7.61,8,10,4,47
K.D. Bruyne,91,31,7.9,10,9.6,4,93
Neymar Jr,91,30,7.84,7,10,3,96
Jan Oblak,91,29,6.57,9,8,1,64
Virgil Van Dijk,90,31,7.3,10,9,4,57
Kylian Mbappe,92,24,7.9,7,10,4,170
Mohamed Salah,90,30,7.7,10,10,4,97
Sadio Mane,90,30,7.1,10,9.6,3,70
Ter Stegen,90,30,6.67,9,8,1,47
Alisson,90,30,7.1,10,8,1,66
Sergio Ramos,89,36,6.5,7,9,0,8
Manuel Neuer,89,36,7,9,8,0,14.5
Sergio Agureo,89,34,0,0,10,0,0
Karim Benzema,89,35,7.1,9,10,1,26
Casemiro,89,30,7.2,9,9,1,55
Thibaut Courtois,89,30,7.2,9,8,1,63
Joshua Kimmich,88,27,7.84,8,9.6,4,92
Toni Kroos,88,32,7.6,9,9.6,0,24
Harry Kane ,88,29,7.8,10,10,4,109
Eden Hazard,88,31,5,9,9.6,0,19
Raheem Sterling,88,28,7.3,10,10,4,82
Paulo Dybala,88,29,7.1,6,9.6,2,52
Ederson,88,29,7,10,8,2,47
Ngolo Kante,88,31,7,10,9.6,2,48
Samir Handanovic,88,38,6.8,6,8,0,3
Kalidou Koulibaly,88,31,7.1,6,9,0,44
Luka Modric,88,37,7.1,9,9.6,1,11
Ciro Immobile,87,32,7,6,10,1,29
Aubameyang,87,33,7.1,9,10,1,14.5
Bruno Fernandes,87,28,7.4,10,9.6,2,83
Angel Di maria,87,34,7.1,7,9.6,0,16
Jadon Sancho,87,22,7.1,10,9.6,2,82
Heung Min Son,87,30,6,10,9.6,2,87
Luis Suarez,87,35,6.8,9,10,1,8
Trent Alexander Arnold,87,24,7.4,10,9,2,82
Antonie Griezmann,87,31,7,9,10,0,47
Aymeric Laporte,87,28,7,10,9,0,47
Wojciech Szczesny,87,32,6.9,6,8,0,14
Robert Firmino,87,31,7.4,10,10,1,41
Bernando Silva,87,28,7,10,9.6,2,72
Andrew Robertson,87,28,7,10,9,1,69
Fabinho,87,29,7.67,10,9.6,1,55
Keylor Navas,87,36,7,7,8,0,10
Sergio Busquets,87,34,7,9,9,0,8.4
Giorgio Chiellini,87,38,7,6,9,0,1.4
Hugo Lloris,87,36,7,10,8,0,6.8
Thomas Muller,86,33,7.2,8,10,1,23
Jamie Vardy,86,35,7,10,10,1,4.8
Paul Pogba,86,29,7.1,10,9.6,2,57
Marco Verratti,86,30,7.3,7,9,2,53
Pique,86,35,7,9,9,0,4.8
Alejandro Gomez,86,34,6.8,9,9.6,0,6.4
Jordan Henderson,86,32,6.8,10,9.6,0,19.5
Carvajal,86,30,7.1,9,9,0,19.4
Mats Hummels,86,34,7.13,8,9,0,8.4
David Silva,86,36,6.85,9,9.6,0,3.9
Dea Gea,86,32,7,10,8,1,17.1
Raphael Varane,86,29,7.01,10,9,2,59
Jordi Alba,86,33,7,9,9,1,12.7
Yann Sommer,86,34,6.8,8,8,0,4.6
Serge Gnabry,85,27,7.33,8,9.6,1,74
Marquinhos,85,28,7.24,7,9,1,73
Lukaku,85,29,7,10,10,2,97
Thiago,85,31,6.5,10,9.6,1,21
Kai Havertz,85,23,7,10,10,2,68
Luis Alberto,85,30,7.25,6,9.6,1,29
Riyad Mahrez,85,31,7.5,10,10,2,41
Memphis Depay,85,28,7.5,9,10,2,46
Gianluigi Donnarumma,85,23,7.12,7,8,2,67
Hakim Ziyech,85,29,7.5,10,10,2,40
Marco Rues,85,33,7.25,8,9.6,1,12
Timo Werner,85,26,7,10,10,1,47
Sergej Milinkovic,85,27,7.3,7,9.6,2,72
Georinio Wijnaldum,85,32,6.64,7,9.6,0,23
Matthijs De Ligt,85,23,7.1,7,9,2,69
Thiago Silva,85,38,7.5,10,9,0,2.3
Ricardo Pereira,85,29,6.9,10,9,0,27
Lorenzo Insigne,85,31,7.3,7,10,1,38
Miralem Pjanic,85,32,5,6,9.6,0,16
Marcos Rashford,85,25,6.75,10,10,1,80
Leroy Sane,85,26,7.22,8,9.6,2,77
Parejo,85,33,7.3,9,9.6,0,8.7
Milan Skriniar,85,27,7.1,7,9,2,71
Koke,85,30,6.83,9,9.6,0,37
Dries Mertens,85,35,6.09,7,10,0,5.2
Bernd Leno,85,30,6.3,10,8,0,14.8
Clement Lenglet,85,27,6.8,9,9,0,14.6
Leonardo Bonucci,85,35,7,7,9,0,7.4
Frenkie De Jong,85,25,7.12,9,9.6,2,65
Rodri,85,26,8,10,9.6,2,63
Peter Gulacsi,85,32,7.3,8,9,0,10.6
Toby Alderweireld,85,33,7,6,8,0,8.4
Diego Godin,85,36,6,6,9,0,1
Mauro Icardi,85,29,6.5,7,10,0,29
Kyle Walker,85,32,7,10,9,1,23
Alex Sandro,85,31,6.84,7,9,0,12.4
Christan Eriksen,85,30,6.5,10,9.6,0,14.5
Erling Haaland,92,22,8,8,10,4,163
Jesus Navas,84,37,6.6,9,9,0,2.8
Kasper Schmeichel,84,36,6.77,10,8,0,4.3
Salvatore Sirigu,84,35,6.82,7,8,0,1.4
Lucas Leiva,84,35,6.71,7,9.6,0,2.1
Axel Witsel,84,33,6.73,8,9.6,0,6.4
Rui Patricio,84,34,6.78,7,8,0,8.5
Azpilicueta,84,33,7,10,9,1,10.1
Jose Callejon,84,35,6.1,7,10,0,1.4
Roman Burki,84,32,6.1,8,8,0,1.7
Douglas Costa,84,32,6.5,5,9.6,0,3.8
Iago Aspas,84,35,7.27,9,10,0,6.8
Jesus Corona,84,29,6.67,9,9.6,1,24
Idrissa Gueye,84,33,6.4,7,9.6,1,12.6
David Alaba,84,30,7.1,9,9,2,50
Isco,84,30,6.96,9,9.6,0,9.3
Pizzi,84,33,6.9,7,9.6,0,7.2
Stefan De Vrij,84,30,7,7,9,1,41
Wissam Ben Yedder,84,32,6.92,7,10,0,25
Lucas Digne,84,29,6.95,10,9,1,28
Josip Ilicic,84,34,6.54,9,10,0,4.6
Raul Jimenez,84,31,6.9,10,10,0,23
Felipe,84,33,6.7,9,9,0,8.3
Saul,84,28,7,10,9.6,1,33
Leon Goretzka,84,27,7.1,8,9.6,2,64
Raphael Guerreiro,84,29,6.93,8,9,1,37
Thomas Partey,84,29,6.96,10,9.6,1,39
Grimaldo,84,27,6.9,6,9.6,1,20
Nicolas Tagliafico,84,30,6.85,6,9,0,15.4
Anthony Martial,84,27,6.73,9,10,0,31
Niklas Sule,84,27,7.07,8,9,1,33
Julian Brandt,84,26,7.19,8,9.6,1,26
Allex Telles,84,30,7,10,9,0,17
Kingsley Coman,84,26,7.19,8,9.6,2,59
Marcelo Brozovic,84,30,7.1,7,9,1,39
Jose Maria Gimenez,84,27,7,9,9,2,48
Andre Onana,84,26,6,6,8,0,13
Wilfred Ndidi,84,26,6.98,10,9.6,2,56
Oyarzabal,84,25,7.16,9,10,2,75
Arthur,84,26,6.8,7,9.6,1,26
Lautaro Martinez,84,25,7.01,7,10,2,75
Zlatan Ibrahimovic,83,41,7.2,7,10,0,3.8
Joao Moutinho,83,36,7.04,10,9.6,0,2.6
Steve Mandanda,83,37,6.97,7,8,0,2.2
Gonzalo Higuain,83,35,7.1,5,10,0,3.6
Renato Augusto,83,34,7.3,6,9.6,0,4.2
Carlos Vela,83,33,6.9,6,10,0,4.7
Blaise Matuidi,83,35,6.8,6,9.6,0,1.8
Jan Vertonghen,83,35,6.9,6,9,0,4.3
Gareth Bale,83,33,6,9,10,0,4.6
Marcelo ,83,34,6,9,9,0,2.8
Radja Nainggolan,83,34,7,6,9.6,0,3.3
Ever Banega,83,34,7,6,9.6,0,3.6
Edin Dzeko,83,36,7,7,10,0,3.6
Arturo Vidal,83,35,6.74,7,9.6,0,2.4
Yuri Berchiche,83,32,6,9,9,0,3.6
Fernando,83,35,6.72,6,8,0,2.6
Kieran Trippier,83,32,7.67,10,9,1,16.6
Ilkay Gundogan,83,32,7,10,9.6,2,33
Paulinho,83,34,6.83,6,9.6,1,4.6
Oscar,83,31,6.8,5,10,1,17
Kevin Trapp,83,32,6.9,8,8,0,6.8
Coutinho,83,30,7.27,10,9.6,1,20
Muniain,83,30,6.66,9,9.6,1,11.6
Lukas Hradecky,83,33,6.97,8,8,0,6.4
Kostas Manolas,83,31,6.63,6,9,0,4.8
Koen Casteels,83,30,6.86,8,8,0,12.8
Alexandre Lacazette,83,31,7.02,10,10,1,21
Aitor,83,31,6.88,9,8,0,3.7
Joel Matip,83,31,7.03,10,9,0,16.4
Wilfried Zaha,83,30,6.9,10,10,2,42
Charles Aranguiz,83,33,6.89,8,9.6,1,4.6
Dusan Tadic,83,34,6.77,6,10,1,14
Anthony Lopes,83,32,6.98,7,8,1,12.4
Sergi Roberto ,83,30,6.8,9,9,0,8.7
Francesco Acerbi,83,34,6.98,7,9,0,6.7
Allan,83,31,6.55,10,9.6,0,16.9
Lucas Moura,83,30,6.95,10,10,1,23
Thorgan Hazard,83,29,6.74,8,9.6,0,18.5
Marcel Sabitzer,83,28,6.7,8,9.6,1,28
Juan Bernat,83,29,6.81,7,9,0,13.1
Portu,83,30,6.63,9,9.6,0,16.2
Jorginho,83,31,7.04,10,9.6,0,49
Samuel Umtiti,83,29,6.9,9,9,1,2.1
Edin Visca,83,32,6.81,6,9.6,0,4.5
Mateo Kovacic,83,28,7.28,10,9.6,1,44
Gerard Moreno,83,30,7.3,9,10,1,39
Filip Kostic,83,30,7.18,8,9.6,0,18.3
Alessio Romagnoli,83,27,7.08,7,9,0,21
Joao Cancelo,83,28,7.4,10,9,1,64
Dele Alli,83,26,6.6,10,9.6,0,27
Gaya,83,27,6.89,9,9,0,43
Thomas Strakosha,83,27,6.81,7,8,0,6.4
Duvan Zapata,83,31,6.94,7,10,0,34
Rafa,83,29,7.13,7,10,0,33
Nabil Fekir,83,29,7.31,9,9.6,0,32
Diego Carlos,83,29,7.12,9,9,1,47
Martin Dubravka,83,33,6.85,10,8,0,4.8
Pau Lopez,83,28,6.99,7,8,0,10.7
Donny Van De Beek,83,25,6.62,10,9.6,0,26
Martin Odegaard,83,24,7.03,10,9.6,0,46
Marcos Acuna,83,31,7.19,9,9,0,13.5
JOE GOMEZ,83,25,6.85,10,9,1,24
STEVEN BERGWIJN,83,25,6.67,10,10,0,19.2
NELSON SEMEDO,83,29,6.73,10,9.6,1,23
FERLAND MENDY,83,27,7.03,9,9,2,53
DENIS ZAKARIA,83,26,6.5,8,9.6,0,29
AARON WAN BISSAKA,83,25,6.8,10,9,1,36
Gabriel jesus,83,25,7.14,10,10,3,62
Ousmane dembele,83,25,7,9,10,1,29
Achraf hakimi,83,24,7.1,7,9,3,72
Federico Valverde,83,24,7,9,9.6,3,63
Gianluigi buffon,82,44,7.3,7,8,0,1
Raul Albiol,82,37,6.9,9,9,0,2.4
Ivan Rakitic,82,34,7.01,9,9.6,0,7.7
Mesut ozil,82,34,6.8,10,9.6,0,3.8
Dimitri Payet,82,35,6.97,10,10,0,4.8
Lars Bender,82,33,5,8,9,0,0
Sergio Asenjo,82,33,6.9,10,8,0,5.2
Willian,82,34,7.6,10,9.6,0,5.8
Ivan Perisic,82,33,7,7,9.6,0,9.7
Fernando Muslera,82,36,6.8,10,8,0,2.6
Jerome Boateng,82,34,6.5,7,9,0,5.2
Marko Arnautovic,82,33,7.5,10,10,0,6.3
Aleksandar Kolarov,82,37,6.01,10,9,0,0.915
Aaron Ramsey,82,32,6.3,10,9.6,0,5.2
Canales,82,31,7,9,9.6,1,21
Daley Blind,82,32,6.7,10,9,0,14
Alphonse Areola,82,29,6.87,7,8,0,11.1
Mario Fernandes,82,32,6.96,10,9,0,13.2
Oliver Baumann,82,32,6.3,8,8,0,5.3
Neto,82,33,6.76,10,8,0,3.8
Mattia Perin,82,30,6,7,8,0,7.1
Rodrigo,82,31,6.93,10,10,0,15.9
James Rodriguez,82,31,6.7,10,10,0,14.5
Danilo Pereira,82,31,6.81,7,9.6,0,13.5
Agustin Marchesin,82,34,6.83,10,8,0,6.4
Morata,82,30,6.98,7,10,0,36
Gabriel Paulista,82,32,7,10,9,0,10.4
Karim Bellarabi,82,32,6.85,8,9.6,0,3.2
Harry Maguire,82,29,7.2,10,9,0,51
Nick Pope,82,30,6.8,10,8,0,14.3
Tomas Vaclik,82,33,5,10,8,0,3.8
Florian Thauvin,82,29,7,6,8,0,14.5
Lucas Ocampos,82,28,7,9,10,0,29
Kepa,82,28,6.7,10,8,0,10.6
Matthias ginter,82,28,7,8,9,1,23
Emre can,82,28,6.9,10,9,1,24
Yannick Carrasco,82,29,6.3,10,9.6,0,38
Quincy Promes,82,30,6.7,10,10,0,10.9
Pacheco,82,30,6.3,10,8,0,5.3
Marcel Halstenberg,82,31,7,8,9,0,6.4
Anderson Talisca,82,28,6.8,10,9.6,0,12.6
Angel Correa,82,27,7.1,9,10,0,44
Geronimo Rulli,82,30,6.3,10,8,0,5.8
Mike Maignan,82,27,7,7,8,0,27
Andrej Kramaric,82,31,7.3,10,10,0,19.2
Dakonam Djene,82,31,6.5,9,9,0,12
Lucas Hernandez,82,26,7.1,8,9,0,52
Marco ASensio,82,26,7,9,10,0,41
Robin Gosens,82,28,6.9,7,9.6,1,36
David Soria,82,29,6.3,9,8,0,6.8
Ruben Neves,82,25,7.2,10,9.6,2,38
Konrad Laimer,82,25,6.8,8,9.6,0,25
Nicolas Pepe,82,27,7,10,9.6,0,33
Marcos Llorente,81,27,7.2,9,9.6,1,62
Giovani Lo Celso,81,26,6.8,9,9.6,0,21
Fabian,81,30,7.23,10,9.6,1,53
Jiri Pavlenka,81,26,7,8,8,0,2.4
Reguilon,81,38,6.3,10,9,0,27
Iniesta,81,38,7,10,9.6,0,1.9
Pepe,81,39,6.21,10,9,0,0.96
Andre Pierre gignac,81,37,7,6,10,0,1.6
Hector Herrera,81,32,7.3,10,9.6,0,4.8
Franck Ribery,81,39,6.8,10,10,0,0.925
Andrea Consigli,81,35,7.4,10,8,0,2.2
Lukasz Fabianski,81,37,7.1,10,8,0,1
Stephane Ruffier,81,36,6.8,7,8,0,1.6
Marek Hamsik,81,35,6.6,10,9.6,0,2.8
Simon Mignolet,81,34,6.5,10,8,0,6.7
Marcano,81,35,6.8,7,9,0,0.825
Sven Bender,81,33,8,8,9,0,1.5
Javi Martinez,81,34,6.5,10,9.6,0,4
Sami Khedira,81,35,7.2,10,9.6,1,35
Max Kruse,81,34,6.6,8,10,0,3.7
Marlos,81,34,7.3,10,9.6,0,3.3
Taison,81,34,7,10,9.6,0,4.8
Eduardo Salvio,81,32,6.3,10,9.6,0,4.6
Marcos Alonso,81,32,7.7,10,9.6,0,15.8
Juan Cuadrado,81,34,6.4,7,9,0,9.5
Thomas Delaney,81,31,7.3,9,9.6,0,7.1
Xherdan Shaqiri,81,31,7.7,10,9.6,0,7.8
Kevein Kampl,81,32,7.3,8,9.6,0,8.3
Sebastian Coates,81,32,7,10,9,0,14.7
Jonathan Viera,81,33,7.7,10,9.6,0,2.1
Pablo Sarabia,81,30,7.9,10,10,0,23
Jordi Masip,81,33,6.2,9,8,0,0.75
Jasper Cillessen,81,33,6.3,9,8,0,3.7
Steven Berghuis,81,31,7.7,10,9.6,0,15.5
Paco Alcacer,81,29,6.7,8,10,0,11.1
Kevin Volland,81,30,7.2,7,10,0,20
Ismaily,81,32,6.3,10,9,0,3.6
Matt Doherty,81,30,6.5,10,9,0,12.4
